{"cameraMode":{"drawMode":0,"name":"Shaded","section":"Shading Mode"},"sceneLighting":false,"audioPlay":false,"sceneViewState":{"m_AlwaysRefresh":false,"showFog":true,"showSkybox":false,"showFlares":true,"showImageEffects":true,"showParticleSystems":true,"showVisualEffectGraphs":true,"m_FxEnabled":true},"in2DMode":false,"pivot":{"x":-0.03579747676849365,"y":0.41799530386924746,"z":-0.02970123291015625},"rotation":{"x":-0.06485895067453385,"y":-0.899229109287262,"z":0.1428113579750061,"w":-0.4083912670612335},"size":0.5728000998497009,"orthographic":false}