{"cameraMode":{"drawMode":0,"name":"Shaded","section":"Shading Mode"},"sceneLighting":false,"audioPlay":false,"sceneViewState":{"m_AlwaysRefresh":false,"showFog":true,"showSkybox":false,"showFlares":true,"showImageEffects":true,"showParticleSystems":true,"showVisualEffectGraphs":true,"m_FxEnabled":true},"in2DMode":false,"pivot":{"x":-0.2509997487068176,"y":0.7711390256881714,"z":0.7519811987876892},"rotation":{"x":-0.08634905517101288,"y":-0.7557225227355957,"z":0.10169006884098053,"w":-0.6410932540893555},"size":0.8660283088684082,"orthographic":false}