{"cameraMode":{"drawMode":0,"name":"Shaded","section":"Shading Mode"},"sceneLighting":false,"audioPlay":false,"sceneViewState":{"m_AlwaysRefresh":false,"showFog":true,"showSkybox":false,"showFlares":true,"showImageEffects":true,"showParticleSystems":true,"showVisualEffectGraphs":true,"m_FxEnabled":true},"in2DMode":false,"pivot":{"x":-0.8044422268867493,"y":2.1380667686462404,"z":1.5510013103485108},"rotation":{"x":0.027304984629154207,"y":-0.007503030821681023,"z":0.00021736549388151616,"w":0.99958336353302},"size":3.0468790531158449,"orthographic":true}