{"cameraMode":{"drawMode":0,"name":"Shaded","section":"Shading Mode"},"sceneLighting":false,"audioPlay":false,"sceneViewState":{"m_AlwaysRefresh":false,"showFog":true,"showSkybox":false,"showFlares":true,"showImageEffects":true,"showParticleSystems":true,"showVisualEffectGraphs":true,"m_FxEnabled":true},"in2DMode":false,"pivot":{"x":-0.022758543491363527,"y":0.25739067792892458,"z":-0.061061978340148929},"rotation":{"x":-0.04596257582306862,"y":-0.9148691892623901,"z":0.10892242938280106,"w":-0.38605162501335146},"size":0.5809110403060913,"orthographic":false}