{"cameraMode":{"drawMode":0,"name":"Shaded","section":"Shading Mode"},"sceneLighting":true,"audioPlay":false,"sceneViewState":{"m_AlwaysRefresh":false,"showFog":true,"showSkybox":true,"showFlares":true,"showImageEffects":true,"showParticleSystems":true,"showVisualEffectGraphs":true,"m_FxEnabled":true},"in2DMode":false,"pivot":{"x":99.41211700439453,"y":5.507122039794922,"z":310.73419189453127},"rotation":{"x":-0.37700334191322329,"y":-0.04356149956583977,"z":0.017732400447130204,"w":-0.9250441789627075},"size":1.1450814008712769,"orthographic":false}