{"cameraMode":{"drawMode":0,"name":"Shaded","section":"Shading Mode"},"sceneLighting":true,"audioPlay":false,"sceneViewState":{"m_AlwaysRefresh":false,"showFog":true,"showSkybox":true,"showFlares":true,"showImageEffects":true,"showParticleSystems":true,"showVisualEffectGraphs":true,"m_FxEnabled":true},"in2DMode":false,"pivot":{"x":0.0037379313725978138,"y":-11.755252838134766,"z":-14.347900390625},"rotation":{"x":0.07494314759969711,"y":0.8841826319694519,"z":-0.4353148341178894,"w":0.15220320224761964},"size":11.26518440246582,"orthographic":false}