{"cameraMode":{"drawMode":0,"name":"Shaded","section":"Shading Mode"},"sceneLighting":false,"audioPlay":false,"sceneViewState":{"m_AlwaysRefresh":false,"showFog":true,"showSkybox":false,"showFlares":true,"showImageEffects":true,"showParticleSystems":true,"showVisualEffectGraphs":true,"m_FxEnabled":true},"in2DMode":false,"pivot":{"x":-1.7290806770324708,"y":2.4526774883270265,"z":-0.6620646119117737},"rotation":{"x":0.0006577803287655115,"y":-0.9991589188575745,"z":0.03629471734166145,"w":0.018277591094374658},"size":3.5112924575805666,"orthographic":true}