{"cameraMode":{"drawMode":0,"name":"Shaded","section":"Shading Mode"},"sceneLighting":false,"audioPlay":false,"sceneViewState":{"m_AlwaysRefresh":false,"showFog":true,"showSkybox":false,"showFlares":true,"showImageEffects":true,"showParticleSystems":true,"showVisualEffectGraphs":true,"m_FxEnabled":true},"in2DMode":false,"pivot":{"x":0.7463715672492981,"y":3.802320957183838,"z":-3.200821876525879},"rotation":{"x":0.0009249647846445441,"y":-0.997071385383606,"z":0.07523179799318314,"w":0.012570966966450215},"size":3.7780067920684816,"orthographic":true}