{"cameraMode":{"drawMode":0,"name":"Shaded","section":"Shading Mode"},"sceneLighting":false,"audioPlay":false,"sceneViewState":{"m_AlwaysRefresh":false,"showFog":true,"showSkybox":false,"showFlares":true,"showImageEffects":true,"showParticleSystems":true,"showVisualEffectGraphs":true,"m_FxEnabled":true},"in2DMode":false,"pivot":{"x":-0.25806522369384768,"y":-1.0146689414978028,"z":-0.4818567633628845},"rotation":{"x":-0.006156154442578554,"y":-0.7064396739006043,"z":-0.006133778020739555,"w":0.7077013850212097},"size":2.4273176193237306,"orthographic":true}