{"cameraMode":{"drawMode":0,"name":"Shaded","section":"Shading Mode"},"sceneLighting":true,"audioPlay":false,"sceneViewState":{"m_AlwaysRefresh":false,"showFog":true,"showSkybox":true,"showFlares":true,"showImageEffects":true,"showParticleSystems":true,"showVisualEffectGraphs":true,"m_FxEnabled":true},"in2DMode":false,"pivot":{"x":99.64741516113281,"y":0.9637435674667358,"z":310.740478515625},"rotation":{"x":-0.026682976633310319,"y":-0.01649893820285797,"z":-0.000454205583082512,"w":0.9994919300079346},"size":3.9263978004455568,"orthographic":false}