{"cameraMode":{"drawMode":0,"name":"Shaded","section":"Shading Mode"},"sceneLighting":false,"audioPlay":false,"sceneViewState":{"m_AlwaysRefresh":false,"showFog":true,"showSkybox":false,"showFlares":true,"showImageEffects":true,"showParticleSystems":true,"showVisualEffectGraphs":true,"m_FxEnabled":true},"in2DMode":false,"pivot":{"x":0.055893540382385257,"y":2.492753028869629,"z":-0.06706643104553223},"rotation":{"x":0.02249373495578766,"y":-0.01949363388121128,"z":0.00043825828470289707,"w":0.9995588660240173},"size":3.2327330112457277,"orthographic":true}