{"cameraMode":{"drawMode":0,"name":"Shaded","section":"Shading Mode"},"sceneLighting":false,"audioPlay":false,"sceneViewState":{"m_AlwaysRefresh":false,"showFog":true,"showSkybox":false,"showFlares":true,"showImageEffects":true,"showParticleSystems":true,"showVisualEffectGraphs":true,"m_FxEnabled":true},"in2DMode":false,"pivot":{"x":-0.016977250576019288,"y":0.028850525617599489,"z":0.0040054768323898319},"rotation":{"x":-0.003934857901185751,"y":0.9543677568435669,"z":-0.29836007952690127,"w":-0.012601444497704506},"size":0.6671963334083557,"orthographic":false}