{"cameraMode":{"drawMode":0,"name":"Shaded","section":"Shading Mode"},"sceneLighting":false,"audioPlay":false,"sceneViewState":{"m_AlwaysRefresh":false,"showFog":true,"showSkybox":false,"showFlares":true,"showImageEffects":true,"showParticleSystems":true,"showVisualEffectGraphs":true,"m_FxEnabled":true},"in2DMode":false,"pivot":{"x":-0.016977250576019288,"y":0.028850525617599489,"z":0.0040054768323898319},"rotation":{"x":0.01709640584886074,"y":-0.6614611744880676,"z":0.015095768496394158,"w":0.7496166229248047},"size":0.6671963334083557,"orthographic":false}