{"cameraMode":{"drawMode":0,"name":"Shaded","section":"Shading Mode"},"sceneLighting":false,"audioPlay":false,"sceneViewState":{"m_AlwaysRefresh":false,"showFog":true,"showSkybox":false,"showFlares":true,"showImageEffects":true,"showParticleSystems":true,"showVisualEffectGraphs":true,"m_FxEnabled":true},"in2DMode":false,"pivot":{"x":0.2385271191596985,"y":1.2728002071380616,"z":0.00035919249057769775},"rotation":{"x":0.07741331309080124,"y":0.910962700843811,"z":-0.3522796630859375,"w":0.20016810297966004},"size":1.6256648302078248,"orthographic":false}