{"cameraMode":{"drawMode":0,"name":"Shaded","section":"Shading Mode"},"sceneLighting":false,"audioPlay":false,"sceneViewState":{"m_AlwaysRefresh":false,"showFog":true,"showSkybox":false,"showFlares":true,"showImageEffects":true,"showParticleSystems":true,"showVisualEffectGraphs":true,"m_FxEnabled":true},"in2DMode":false,"pivot":{"x":0.3906485438346863,"y":2.213304281234741,"z":0.886296808719635},"rotation":{"x":-0.00480825686827302,"y":0.010227898135781289,"z":-0.00008343644731212407,"w":-0.9999160766601563},"size":2.453413724899292,"orthographic":true}