{"cameraMode":{"drawMode":0,"name":"Shaded","section":"Shading Mode"},"sceneLighting":false,"audioPlay":false,"sceneViewState":{"m_AlwaysRefresh":false,"showFog":true,"showSkybox":false,"showFlares":true,"showImageEffects":true,"showParticleSystems":true,"showVisualEffectGraphs":true,"m_FxEnabled":true},"in2DMode":false,"pivot":{"x":0.0016748309135437012,"y":0.04498400539159775,"z":-0.0013372749090194703},"rotation":{"x":0.01709640584886074,"y":-0.6614611744880676,"z":0.015095768496394158,"w":0.7496166229248047},"size":0.42699170112609866,"orthographic":false}