{"cameraMode":{"drawMode":0,"name":"Shaded","section":"Shading Mode"},"sceneLighting":false,"audioPlay":false,"sceneViewState":{"m_AlwaysRefresh":false,"showFog":true,"showSkybox":false,"showFlares":true,"showImageEffects":true,"showParticleSystems":true,"showVisualEffectGraphs":true,"m_FxEnabled":true},"in2DMode":false,"pivot":{"x":0.010598883032798767,"y":0.12304478883743286,"z":0.006839975714683533},"rotation":{"x":-0.003934857901185751,"y":0.9543677568435669,"z":-0.29836007952690127,"w":-0.012601444497704506},"size":0.18048405647277833,"orthographic":false}