{"cameraMode":{"drawMode":0,"name":"Shaded","section":"Shading Mode"},"sceneLighting":false,"audioPlay":false,"sceneViewState":{"m_AlwaysRefresh":false,"showFog":true,"showSkybox":false,"showFlares":true,"showImageEffects":true,"showParticleSystems":true,"showVisualEffectGraphs":true,"m_FxEnabled":true},"in2DMode":false,"pivot":{"x":-0.4200884699821472,"y":0.5195152163505554,"z":-0.521185040473938},"rotation":{"x":-0.06295821815729141,"y":0.000009162908099824563,"z":-6.886713777021214e-7,"w":-0.9980160593986511},"size":0.550000011920929,"orthographic":true}