{"cameraMode":{"drawMode":0,"name":"Shaded","section":"Shading Mode"},"sceneLighting":false,"audioPlay":false,"sceneViewState":{"m_AlwaysRefresh":false,"showFog":true,"showSkybox":false,"showFlares":true,"showImageEffects":true,"showParticleSystems":true,"showVisualEffectGraphs":true,"m_FxEnabled":true},"in2DMode":false,"pivot":{"x":-0.13196396827697755,"y":2.5515432357788088,"z":-0.4229874610900879},"rotation":{"x":0.0003191636351402849,"y":0.9987624883651733,"z":-0.04947863519191742,"w":0.0062891291454434399},"size":3.355559825897217,"orthographic":false}