{"cameraMode":{"drawMode":0,"name":"Shaded","section":"Shading Mode"},"sceneLighting":false,"audioPlay":false,"sceneViewState":{"m_AlwaysRefresh":false,"showFog":true,"showSkybox":false,"showFlares":true,"showImageEffects":true,"showParticleSystems":true,"showVisualEffectGraphs":true,"m_FxEnabled":true},"in2DMode":false,"pivot":{"x":0.48411303758621218,"y":0.6719577312469482,"z":0.18990349769592286},"rotation":{"x":-0.24417535960674287,"y":-0.13934274017810822,"z":0.03538426011800766,"w":-0.9589789509773254},"size":1.0789709091186524,"orthographic":false}