{"cameraMode":{"drawMode":0,"name":"Shaded","section":"Shading Mode"},"sceneLighting":false,"audioPlay":false,"sceneViewState":{"m_AlwaysRefresh":false,"showFog":true,"showSkybox":false,"showFlares":true,"showImageEffects":true,"showParticleSystems":true,"showVisualEffectGraphs":true,"m_FxEnabled":true},"in2DMode":false,"pivot":{"x":-0.002285039285197854,"y":1.6067055463790894,"z":0.770850658416748},"rotation":{"x":0.015191938728094101,"y":0.6410122513771057,"z":-0.01271060947328806,"w":0.7672548890113831},"size":1.9572203159332276,"orthographic":false}