{"cameraMode":{"drawMode":0,"name":"Shaded","section":"Shading Mode"},"sceneLighting":false,"audioPlay":false,"sceneViewState":{"m_AlwaysRefresh":false,"showFog":true,"showSkybox":false,"showFlares":true,"showImageEffects":true,"showParticleSystems":true,"showVisualEffectGraphs":true,"m_FxEnabled":true},"in2DMode":false,"pivot":{"x":-0.13196396827697755,"y":2.5515432357788088,"z":-0.4229874610900879},"rotation":{"x":-0.37700334191322329,"y":-0.04356149956583977,"z":0.017732400447130204,"w":-0.9250441789627075},"size":3.355559825897217,"orthographic":false}