{"cameraMode":{"drawMode":0,"name":"Shaded","section":"Shading Mode"},"sceneLighting":false,"audioPlay":false,"sceneViewState":{"m_AlwaysRefresh":false,"showFog":true,"showSkybox":false,"showFlares":true,"showImageEffects":true,"showParticleSystems":true,"showVisualEffectGraphs":true,"m_FxEnabled":true},"in2DMode":false,"pivot":{"x":0.36792856454849245,"y":0.43823277950286868,"z":5.329761505126953},"rotation":{"x":0.00025721819838508964,"y":-0.9997225999832153,"z":0.019497038796544076,"w":0.013191461563110352},"size":0.3757542669773102,"orthographic":true}