{"cameraMode":{"drawMode":0,"name":"Shaded","section":"Shading Mode"},"sceneLighting":false,"audioPlay":false,"sceneViewState":{"m_AlwaysRefresh":false,"showFog":true,"showSkybox":false,"showFlares":true,"showImageEffects":true,"showParticleSystems":true,"showVisualEffectGraphs":true,"m_FxEnabled":true},"in2DMode":false,"pivot":{"x":1.062000036239624,"y":0.5809999704360962,"z":-0.01000000536441803},"rotation":{"x":0.002286807633936405,"y":0.9560899138450623,"z":-0.29293736815452578,"w":0.007457730360329151},"size":0.7292354702949524,"orthographic":false}