{"cameraMode":{"drawMode":0,"name":"Shaded","section":"Shading Mode"},"sceneLighting":false,"audioPlay":false,"sceneViewState":{"m_AlwaysRefresh":false,"showFog":true,"showSkybox":false,"showFlares":true,"showImageEffects":true,"showParticleSystems":true,"showVisualEffectGraphs":true,"m_FxEnabled":true},"in2DMode":false,"pivot":{"x":0.08367735147476196,"y":1.8180804252624512,"z":-0.06846332550048828},"rotation":{"x":0.029983876273036004,"y":-0.7236039638519287,"z":0.031496528536081317,"w":0.6888474822044373},"size":2.063523769378662,"orthographic":true}