{"cameraMode":{"drawMode":0,"name":"Shaded","section":"Shading Mode"},"sceneLighting":false,"audioPlay":false,"sceneViewState":{"m_AlwaysRefresh":false,"showFog":true,"showSkybox":false,"showFlares":true,"showImageEffects":true,"showParticleSystems":true,"showVisualEffectGraphs":true,"m_FxEnabled":true},"in2DMode":false,"pivot":{"x":0.8492154479026794,"y":0.9349341988563538,"z":-0.5753663778305054},"rotation":{"x":0.004517108667641878,"y":0.995279848575592,"z":0.07747963815927506,"w":-0.05798894912004471},"size":2.072666883468628,"orthographic":false}