{"cameraMode":{"drawMode":0,"name":"Shaded","section":"Shading Mode"},"sceneLighting":false,"audioPlay":false,"sceneViewState":{"m_AlwaysRefresh":false,"showFog":true,"showSkybox":false,"showFlares":true,"showImageEffects":true,"showParticleSystems":true,"showVisualEffectGraphs":true,"m_FxEnabled":true},"in2DMode":false,"pivot":{"x":0.4603106379508972,"y":5.151519775390625,"z":0.1198289766907692},"rotation":{"x":0.0003191636351402849,"y":0.9987624883651733,"z":-0.04947863519191742,"w":0.0062891291454434399},"size":5.982606887817383,"orthographic":false}