{"cameraMode":{"drawMode":0,"name":"Shaded","section":"Shading Mode"},"sceneLighting":false,"audioPlay":false,"sceneViewState":{"m_AlwaysRefresh":false,"showFog":true,"showSkybox":false,"showFlares":true,"showImageEffects":true,"showParticleSystems":true,"showVisualEffectGraphs":true,"m_FxEnabled":true},"in2DMode":false,"pivot":{"x":-0.09757876396179199,"y":2.7895548343658449,"z":-0.00007271766662597656},"rotation":{"x":-0.08031477779150009,"y":0.12081298232078552,"z":-0.009807403199374676,"w":-0.9893723726272583},"size":3.1960878372192385,"orthographic":false}