{"cameraMode":{"drawMode":0,"name":"Shaded","section":"Shading Mode"},"sceneLighting":false,"audioPlay":false,"sceneViewState":{"m_AlwaysRefresh":false,"showFog":true,"showSkybox":false,"showFlares":true,"showImageEffects":true,"showParticleSystems":true,"showVisualEffectGraphs":true,"m_FxEnabled":true},"in2DMode":false,"pivot":{"x":-0.40602102875709536,"y":2.7895524501800539,"z":3.4160349369049074},"rotation":{"x":0.0093354107812047,"y":0.8778053522109985,"z":-0.017118794843554498,"w":0.47862929105758669},"size":3.1960878372192385,"orthographic":true}