{"cameraMode":{"drawMode":0,"name":"Shaded","section":"Shading Mode"},"sceneLighting":false,"audioPlay":false,"sceneViewState":{"m_AlwaysRefresh":false,"showFog":true,"showSkybox":false,"showFlares":true,"showImageEffects":true,"showParticleSystems":true,"showVisualEffectGraphs":true,"m_FxEnabled":true},"in2DMode":false,"pivot":{"x":-0.09757876396179199,"y":2.7895548343658449,"z":-0.00007271766662597656},"rotation":{"x":-0.0159120112657547,"y":0.26438337564468386,"z":0.004362714942544699,"w":0.9642762541770935},"size":3.1960878372192385,"orthographic":true}