{"cameraMode":{"drawMode":0,"name":"Shaded","section":"Shading Mode"},"sceneLighting":false,"audioPlay":false,"sceneViewState":{"m_AlwaysRefresh":false,"showFog":true,"showSkybox":false,"showFlares":true,"showImageEffects":true,"showParticleSystems":true,"showVisualEffectGraphs":true,"m_FxEnabled":true},"in2DMode":false,"pivot":{"x":-0.40409496426582339,"y":0.7059282064437866,"z":-1.687157154083252},"rotation":{"x":0.0033091530203819277,"y":-0.01050578337162733,"z":0.000042947474867105484,"w":0.9999266862869263},"size":0.5962284207344055,"orthographic":false}