{"cameraMode":{"drawMode":0,"name":"Shaded","section":"Shading Mode"},"sceneLighting":false,"audioPlay":false,"sceneViewState":{"m_AlwaysRefresh":false,"showFog":true,"showSkybox":false,"showFlares":true,"showImageEffects":true,"showParticleSystems":true,"showVisualEffectGraphs":true,"m_FxEnabled":true},"in2DMode":false,"pivot":{"x":0.003313899040222168,"y":0.20009580254554749,"z":-0.012415945529937745},"rotation":{"x":-0.003934857901185751,"y":0.9543677568435669,"z":-0.29836007952690127,"w":-0.012601444497704506},"size":0.28704965114593508,"orthographic":false}