{"cameraMode":{"drawMode":0,"name":"Shaded","section":"Shading Mode"},"sceneLighting":false,"audioPlay":false,"sceneViewState":{"m_AlwaysRefresh":false,"showFog":true,"showSkybox":false,"showFlares":true,"showImageEffects":true,"showParticleSystems":true,"showVisualEffectGraphs":true,"m_FxEnabled":true},"in2DMode":false,"pivot":{"x":259.817626953125,"y":480.66546630859377,"z":21.08197784423828},"rotation":{"x":-0.03479878976941109,"y":-0.014393812045454979,"z":0.0005012444453313947,"w":-0.9992882013320923},"size":25.186586380004884,"orthographic":false}