{"cameraMode":{"drawMode":0,"name":"Shaded","section":"Shading Mode"},"sceneLighting":false,"audioPlay":false,"sceneViewState":{"m_AlwaysRefresh":false,"showFog":true,"showSkybox":false,"showFlares":true,"showImageEffects":true,"showParticleSystems":true,"showVisualEffectGraphs":true,"m_FxEnabled":true},"in2DMode":false,"pivot":{"x":99.41211700439453,"y":0.9815196990966797,"z":310.73419189453127},"rotation":{"x":-0.017996495589613916,"y":-0.015902094542980195,"z":0.00028303623548708856,"w":-0.9997194409370422},"size":2.7199079990386965,"orthographic":false}