{"cameraMode":{"drawMode":0,"name":"Shaded","section":"Shading Mode"},"sceneLighting":false,"audioPlay":false,"sceneViewState":{"m_AlwaysRefresh":false,"showFog":true,"showSkybox":false,"showFlares":true,"showImageEffects":true,"showParticleSystems":true,"showVisualEffectGraphs":true,"m_FxEnabled":true},"in2DMode":false,"pivot":{"x":99.41211700439453,"y":0.9815196990966797,"z":310.73419189453127},"rotation":{"x":-0.020998023450374605,"y":-0.0039043843280524017,"z":0.00007877779717091471,"w":-0.9997796416282654},"size":2.7199079990386965,"orthographic":false}